Pavadinimas: VONIOS AKUMULIATORIUS JUODAS VAMZDIS, LENGVANTIS VANDENYS
Kaina: 54 990 PLN
Apibūdinimas:
Laisvai pastatomas vonios ir dušo maišytuvas - juodas Mechaninis vonios ir dušo maišytuvas su viena svirtimi su standžiu pasukamu snapeliu su nukreipikliu. 35 mm keramikos galvutė ir aeratorius sutaupo iki 40% vandens. Rinkinyje yra 2 aukštos kokybės nerūdijančio plieno žarnos, kurių ilgis 80 cm, su 1/2 colio jungtimi, 1 pinta dušo žarna 150 cm F 1/2 ir priedų rinkinys čiaupui montuoti. Čiaupo dizainas atitinka 2021 m. Tendencijas - jis atrodo labai elegantiškas ir puikiai tinka šiuolaikiniam vonios kambariui. Šiuolaikiškas dizainas ir pagamintas iš aukščiausios kokybės nerūdijančių medžiagų užtikrina mūsų gaminių patvarumą ir patikimumą daugelį metų.
['https://a.allegroimg.com/s128/111b5e/133a5af2449188db0ed02681c274/BATERIA-WANNOWA-CZARNA-KRAN-DO-WANNY-WOLNOSTOJACY' 'https://a.allegroimg.com/s128/16d58b7b7b7b7b7b7b7b7b7bb -WANNOWA-CZARNA-KRAN-DO-WANNY-WOLNOSTOJACY-Kolor-czarny “https://a.allegroimg.com/s128/118785/e0e0e6b747dc803ffce8d86789ed/BATERIA-WANNOWA-CZARNA-KRANA-NOTRYY-WAN-NOTRY-NOT- CARLA »https://a.allegroimg.com/s128/117eb7/a978771e4456980ab2e3e7671246/BATERIA-WANNOWA-CZARNA-KRAN-DO-WANNY-WOLNOSTOJACY-Typ-jednouchwytowa» https://a.all „11d7b5 / 995cbc914c11b297ece350641698 / BATERIA-WANNOWA-CZARNA-KRAN-DO-WANNY-WOLNOSTOJACY-Typ-montazu-scienne“ -WANNY-WOLNOSTOJACY-Montaz-baterii-nawannowych-1-otworowa "„https://a.allegroimg.com/s128/1188c7/e67b4b374b968e5a1f0de202f9f5/BATERIA-WANNOWA-CZARNA-KRAN-DO-WANNY-WOLNOSTOJACY-Marka-Yoka“ https://a.allegroimg 1ec7410d4f86a2da788f2e24b2f2 / BATERIJA-WANNOWA-CZARNA-KRAN-DO-WANNY-WOLNOSTOJACY-Rodzaj-wylewki-Ruchoma '' https://a.allegroimg.com/s128/116e71/187c2267WBSTAT -WOLNOSTOJACY-Informacje-dodatkowe-zestaw-natryskowy “https://a.allegroimg.com/s128/116a1f/3a4920bc4a2da1234937f42e9aae/BATERIA-WANNOWA-CZARNA-KRAN-DOT-NOT BLK "https://a.allegroimg.com/s128/118675/7b82199742ffbbc45bb5453ace6c/BATERIA-WANNOWA-CZARNA-KRAN-DO-WANNY-WOLNOSTOJACY-EAN-5904202145581"]com / s128 / 1188c7 / e67b4b374b968e5a1f0de202f9f5 / BATHTUB-BLACK-TAP-TAP-FOR-BATHTUB-FREESANDING-Brand-Yoka “https://a.allegroimg.com/s128/1186cc/1ec7410ANCZR4AFZaFa4aFa4aFaFa4a -NEMOKAMAS NUSTATYMAS-Tipas-snapelis-kilnojamasis “https://a.allegroimg.com/s128/116e71/187c22674555a01505a7bfe89cb5/ BATHTUB-BATHTUB- BLACKodat-WRAN-TANN-TANNS-FREE-Information-Information-Information-Information-Information dušas “https://a.allegroimg.com/s128/116a1f/3a4920bc4a2da1234937f42e9aae/BATERIA-WANNOWA-CZARNA-KRAN-DO-WANNY-WOLNOSTOJACY-Cod-produktu-BP-CARLA-BLK:. com / s128 / 118675 / 7b82199742ffbbc45bb5453ace6c / BATERIJA-WANNOWA-CZARNA-KRAN-DO-WANNY-WOLNOSTOJACY-EAN-5904202145581 ']com / s128 / 1188c7 / e67b4b374b968e5a1f0de202f9f5 / BATHTUB-BLACK-TAP-TAP-FOR-BATHTUB-FREESANDING-Brand-Yoka “https://a.allegroimg.com/s128/1186cc/1ec7410ANCZR4AFZaFa4aFa4aFaFa4a -NEMOKAMAS NUSTATYMAS-Tipas-snapelis-kilnojamasis “https://a.allegroimg.com/s128/116e71/187c22674555a01505a7bfe89cb5/ BATHTUB-BATHTUB- BLACKodat-WRAN-TANN-TANNS-FREE-Information-Information-Information-Information-Information dušas “https://a.allegroimg.com/s128/116a1f/3a4920bc4a2da1234937f42e9aae/BATERIA-WANNOWA-CZARNA-KRAN-DO-WANNY-WOLNOSTOJACY-Cod-produktu-BP-CARLA-BLK:. com / s128 / 118675 / 7b82199742ffbbc45bb5453ace6c / BATERIJA-WANNOWA-CZARNA-KRAN-DO-WANNY-WOLNOSTOJACY-EAN-5904202145581 ']com / s128 / 1186cc / 1ec7410d4f86a2da788f2e24b2f2 / BATHTUB-BLACK-TAP-TO-BATHTUB-FREEDOM-Type-snapelis-kilnojamasis “https://a.allimg.com/s128/116e71/55BATCZIAb5a7125507A1A7A7257A1A7A7257A1A7A7257711Aatcat -FOR-Bath-FREE-STANDING-Additional-information-shower-set '' https://a.allegroimg.com/s128/116a1f/3a4920bc4a2da1234937f42e9aae/ „TANN-BATTERY- BLACK-WATTER-WHEEL“ produktas-BP-CARLA-BLK »https://a.allegroimg.com/s128/118675/7b82199742ffbbc45bb5453ace6c/BATERIA-BATERIA-BATERIA-BATERIA-BATERIA-BATERIA-Black-WINN-WATN-SWLNOSTOJACY-45-520421com / s128 / 1186cc / 1ec7410d4f86a2da788f2e24b2f2 / BATHTUB-BLACK-TAP-TO-BATHTUB-FREEDOM-Type-snapelis-kilnojamasis “https://a.allimg.com/s128/116e71/55BATCZIAb5a7125507A1A7A7257A1A7A7257A1A7A7257711Aatcat -FOR-Bath-FREE-Standing-Additional-information-shower-set '' https://a.allegroimg.com/s128/116a1f/3a4920bc4a2da1234937f42e9aae/ TANN-BATTERY- BLACK-WATTER-WHEEL produktas-BP-CARLA-BLK »https://a.allegroimg.com/s128/118675/7b82199742ffbbc45bb5453ace6c/BATERIA-BATERIA-BATERIA-BATERIA-BATERIA-BATERIA-Black-WINN-WATN-SWLNOSTOJACY45-21-590420com / s128 / 116a1f / 3a4920bc4a2da1234937f42e9aae / BATHTUB-BLACK-TAP-TO-BATHTUB-FREESTYLE-Product-Code-BP-CARLA-BLK “https://a.allegroimg.com/s128/1186757/7b458ERIAaceaATea -JUODAS VANDENS PRIEŽIŪRA VONIOS BEI STOVĖJIMAS-EAN-5904202145581 ']com / s128 / 116a1f / 3a4920bc4a2da1234937f42e9aae / BATHTUB-BLACK-TAP-TO-BATHTUB-FREESTYLE-Product-Code-BP-CARLA-BLK “https://a.allegroimg.com/s128/1186757/7b458ERIAaceaATea -JUODAS VANDENS PRIEŽIŪRA VONIOS BEI STOVĖJIMAS-EAN-5904202145581 ']
Vardas:
JUODAS VONIOS VAMZDIS, KURIUOSE NEMOKAMAI VONIOS VONIOS VONOS
54990 Lt aprašymas:
Laisvai pastatomas vonios ir dušo maišytuvas - juodas Mechaninis vonios ir dušo maišytuvas su viena svirtimi su standžiu pasukamu snapeliu su nukreipikliu. 35 mm keramikos galvutė ir aeratorius sutaupo iki 40% vandens. Rinkinyje yra 2 aukštos kokybės nerūdijančio plieno žarnos, kurių ilgis 80 cm, su 1/2 colio jungtimi, 1 pinta dušo žarna 150 cm F 1/2 ir priedų rinkinys čiaupui montuoti. Čiaupo dizainas atitinka 2021 m. Tendencijas - jis atrodo labai elegantiškas ir puikiai tinka šiuolaikiniam vonios kambariui. Šiuolaikiškas dizainas ir pagamintas iš aukščiausios kokybės nerūdijančių medžiagų užtikrina mūsų gaminių patvarumą ir patikimumą daugelį metų.
['https://a.allegroimg.com/s128/111b5e/133a5af2449188db0ed02681c274/BATERIA-WANNOWA-CZARNA-KRAN-DO-WANNY-WOLNOSTOJACY' 'https://a.allegroimg.com/s128/16d58b7b7b7b7b7b7b7b7b7bb -WANNOWA-CZARNA-KRAN-DO-WANNY-WOLNOSTOJACY-Kolor-czarny “https://a.allegroimg.com/s128/118785/e0e0e6b747dc803ffce8d86789ed/BATERIA-WANNOWA-CZARNA-KRANA-NOTRYY-WAN-NOTRY-NOT- CARLA »https://a.allegroimg.com/s128/117eb7/a978771e4456980ab2e3e7671246/BATERIA-WANNOWA-CZARNA-KRAN-DO-WANNY-WOLNOSTOJACY-Typ-jednouchwytowa» https://a.all „11d7b5 / 995cbc914c11b297ece350641698 / BATERIA-WANNOWA-CZARNA-KRAN-DO-WANNY-WOLNOSTOJACY-Typ-montazu-scienne“ -WANNY-WOLNOSTOJACY-Montaz-baterii-nawannowych-1-otworowa "„https://a.allegroimg.com/s128/1188c7/e67b4b374b968e5a1f0de202f9f5/BATERIA-WANNOWA-CZARNA-KRAN-DO-WANNY-WOLNOSTOJACY-Marka-Yoka“ https://a.allegroimg 1ec7410d4f86a2da788f2e24b2f2 / BATERIJA-WANNOWA-CZARNA-KRAN-DO-WANNY-WOLNOSTOJACY-Rodzaj-wylewki-Ruchoma '' https://a.allegroimg.com/s128/116e71/187c2267WBSTAT -WOLNOSTOJACY-Informacje-dodatkowe-zestaw-natryskowy “https://a.allegroimg.com/s128/116a1f/3a4920bc4a2da1234937f42e9aae/BATERIA-WANNOWA-CZARNA-KRAN-DOT-NOT BLK "https://a.allegroimg.com/s128/118675/7b82199742ffbbc45bb5453ace6c/BATERIA-WANNOWA-CZARNA-KRAN-DO-WANNY-WOLNOSTOJACY-EAN-5904202145581"]com / s128 / 1188c7 / e67b4b374b968e5a1f0de202f9f5 / BATHTUB-BLACK-TAP-TAP-FOR-BATHTUB-FREESANDING-Brand-Yoka “https://a.allegroimg.com/s128/1186cc/1ec7410ANCZR4AFZaFa4aFa4aFaFa4a -NEMOKAMAS NUSTATYMAS-Tipas-snapelis-kilnojamasis “https://a.allegroimg.com/s128/116e71/187c22674555a01505a7bfe89cb5/ BATHTUB-BATHTUB- BLACKodat-WRAN-TANN-TANNS-FREE-Information-Information-Information-Information-Information dušas “https://a.allegroimg.com/s128/116a1f/3a4920bc4a2da1234937f42e9aae/BATERIA-WANNOWA-CZARNA-KRAN-DO-WANNY-WOLNOSTOJACY-Cod-produktu-BP-CARLA-BLK:. com / s128 / 118675 / 7b82199742ffbbc45bb5453ace6c / BATERIJA-WANNOWA-CZARNA-KRAN-DO-WANNY-WOLNOSTOJACY-EAN-5904202145581 ']com / s128 / 1188c7 / e67b4b374b968e5a1f0de202f9f5 / BATHTUB-BLACK-TAP-TAP-FOR-BATHTUB-FREESANDING-Brand-Yoka “https://a.allegroimg.com/s128/1186cc/1ec7410ANCZR4AFZaFa4aFa4aFaFa4a -NEMOKAMAS NUSTATYMAS-Tipas-snapelis-kilnojamasis “https://a.allegroimg.com/s128/116e71/187c22674555a01505a7bfe89cb5/ BATHTUB-BATHTUB- BLACKodat-WRAN-TANN-TANNS-FREE-Information-Information-Information-Information-Information dušas “https://a.allegroimg.com/s128/116a1f/3a4920bc4a2da1234937f42e9aae/BATERIA-WANNOWA-CZARNA-KRAN-DO-WANNY-WOLNOSTOJACY-Cod-produktu-BP-CARLA-BLK:. com / s128 / 118675 / 7b82199742ffbbc45bb5453ace6c / BATERIJA-WANNOWA-CZARNA-KRAN-DO-WANNY-WOLNOSTOJACY-EAN-5904202145581 ']com / s128 / 1186cc / 1ec7410d4f86a2da788f2e24b2f2 / BATHTUB-BLACK-TAP-TO-BATHTUB-FREEDOM-Type-snapelis-kilnojamasis “https://a.allimg.com/s128/116e71/55BATCZIAb5a7125507A1A7A7257A1A7A7257A1A7A7257711Aatcat -FOR-Bath-FREE-STANDING-Additional-information-shower-set '' https://a.allegroimg.com/s128/116a1f/3a4920bc4a2da1234937f42e9aae/ „TANN-BATTERY- BLACK-WATTER-WHEEL“ produktas-BP-CARLA-BLK »https://a.allegroimg.com/s128/118675/7b82199742ffbbc45bb5453ace6c/BATERIA-BATERIA-BATERIA-BATERIA-BATERIA-BATERIA-Black-WINN-WATN-SWLNOSTOJACY-45-520421com / s128 / 1186cc / 1ec7410d4f86a2da788f2e24b2f2 / BATHTUB-BLACK-TAP-TO-BATHTUB-FREEDOM-Type-snapelis-kilnojamasis “https://a.allimg.com/s128/116e71/55BATCZIAb5a7125507A1A7A7257A1A7A7257A1A7A7257711Aatcat -FOR-Bath-FREE-Standing-Additional-information-shower-set '' https://a.allegroimg.com/s128/116a1f/3a4920bc4a2da1234937f42e9aae/ TANN-BATTERY- BLACK-WATTER-WHEEL produktas-BP-CARLA-BLK »https://a.allegroimg.com/s128/118675/7b82199742ffbbc45bb5453ace6c/BATERIA-BATERIA-BATERIA-BATERIA-BATERIA-BATERIA-Black-WINN-WATN-SWLNOSTOJACY45-21-590420com / s128 / 116a1f / 3a4920bc4a2da1234937f42e9aae / BATHTUB-BLACK-TAP-TO-BATHTUB-FREESTYLE-Product-Code-BP-CARLA-BLK “https://a.allegroimg.com/s128/1186757/7b458ERIAaceaATea -JUODAS VANDENS PRIEŽIŪRA VONIOS BEI STOVĖJIMAS-EAN-5904202145581 ']com / s128 / 116a1f / 3a4920bc4a2da1234937f42e9aae / BATHTUB-BLACK-TAP-TO-BATHTUB-FREESTYLE-Product-Code-BP-CARLA-BLK “https://a.allegroimg.com/s128/1186757/7b458ERIAaceaATea -JUODAS VANDENS PRIEŽIŪRA VONIOS BEI STOVĖJIMAS-EAN-5904202145581 ']
Vardas: